slug,name,语言,目的,形式,时间,点赞,分享,评论,浏览
memos,Memos,英语,更新,图片,2025.02.05,7.0,0.0,0.0,122.0
memos,Memos,英语,更新,图片,2024.12.16,11.0,1.0,1.0,306.0
memos,Memos,英语,无特定目的,图片,2024.11.29,5.0,0.0,1.0,238.0
memos,Memos,英语,介绍,视频,2024.11.21,11.0,0.0,0.0,329.0
memos,Memos,英语,更新,图片,2024.11.02,8.0,0.0,0.0,277.0
memos,Memos,英语,介绍,图片,2024.10.15,14.0,0.0,2.0,1063.0
memos,Memos,英语,无特定目的,图片,2024.09.26,7.0,0.0,2.0,441.0
memos,Memos,英语,介绍,图片,2024.09.21,11.0,0.0,0.0,539.0
memos,Memos,英语,无特定目的,图片,2024.09.10,7.0,0.0,0.0,323.0
memos,Memos,英语,更新,图片,2024.09.03,9.0,0.0,1.0,390.0
memos,Memos,英语,无特定目的,引用,2024.08.29,9.0,1.0,1.0,886.0
memos,Memos,英语,介绍,图片,2024.08.13,2.0,0.0,0.0,345.0
memos,Memos,英语,介绍,图片,2024.07.28,17.0,1.0,0.0,857.0
memos,Memos,英语,更新,图片,2024.07.17,5.0,0.0,4.0,384.0
memos,Memos,英语,更新,图片,2024.06.10,1.0,0.0,0.0,353.0
memos,Memos,英语,无特定目的,引用,2024.06.03,0.0,0.0,0.0,325.0
memos,Memos,英语,更新,网址,2024.06.02,6.0,0.0,1.0,321.0
memos,Memos,英语,介绍,图片,2024.05.31,6.0,0.0,2.0,375.0
memos,Memos,英语,更新,网址,2024.05.18,2.0,0.0,0.0,321.0
memos,Memos,英语,更新,图片,2024.04.09,4.0,1.0,1.0,508.0
memos,Memos,英语,更新,网址,2024.04.09,0.0,0.0,0.0,367.0
memos,Memos,英语,无特定目的,引用,2024.03.22,2.0,0.0,0.0,488.0
memos,Memos,英语,更新,网址,2024.02.26,3.0,1.0,0.0,464.0
memos,Memos,英语,无特定目的,图片,2024.02.22,13.0,0.0,3.0,745.0
memos,Memos,英语,介绍,视频,2024.01.28,15.0,2.0,1.0,721.0
memos,Memos,英语,介绍,视频,2024.01.28,8.0,0.0,1.0,501.0
memos,Memos,英语,介绍,视频,2024.01.28,1.0,0.0,0.0,373.0
memos,Memos,英语,更新,网址,2024.01.28,10.0,1.0,0.0,456.0
memos,Memos,英语,介绍,网址,2024.01.28,2.0,0.0,0.0,437.0
memos,Memos,英语,更新,图片,2023.12.10,12.0,0.0,0.0,593.0
memos,Memos,英语,介绍,图片,2023.11.28,12.0,2.0,0.0,770.0
memos,Memos,英语,介绍,引用,2023.11.19,1.0,2.0,0.0,1004.0
memos,Memos,英语,感谢,图片,2023.11.01,13.0,3.0,3.0,2412.0
memos,Memos,英语,介绍,网址,2023.10.30,1.0,2.0,0.0,455.0
memos,Memos,英语,更新,图片,2023.10.29,8.0,1.0,0.0,574.0
memos,Memos,英语,介绍,网址,2023.10.26,2.0,0.0,0.0,373.0
memos,Memos,英语,介绍,网址,2023.10.24,3.0,1.0,0.0,463.0
memos,Memos,英语,更新,图片,2023.10.21,5.0,0.0,2.0,499.0
memos,Memos,英语,更新,图片,2023.10.06,9.0,3.0,2.0,926.0
memos,Memos,英语,介绍,网址,2023.09.24,3.0,0.0,0.0,358.0
memos,Memos,英语,介绍,网址,2023.09.23,2.0,0.0,0.0,346.0
memos,Memos,英语,更新,图片,2023.09.16,8.0,1.0,1.0,597.0
memos,Memos,英语,介绍,网址,2023.09.16,0.0,0.0,0.0,295.0
memos,Memos,英语,介绍,网址,2023.08.26,2.0,0.0,0.0,302.0
memos,Memos,英语,更新,图片,2023.08.06,8.0,1.0,0.0,366.0
memos,Memos,英语,更新,网址,2023.07.22,1.0,0.0,0.0,290.0
memos,Memos,英语,更新,网址,2023.07.16,0.0,0.0,1.0,311.0
memos,Memos,英语,无特定目的,图片,2023.07.14,1.0,0.0,3.0,788.0
memos,Memos,英语,介绍,图片,2023.07.12,7.0,0.0,0.0,326.0
memos,Memos,英语,介绍,网址,2023.07.02,0.0,0.0,0.0,279.0
memos,Memos,英语,更新,网址,2023.07.01,3.0,0.0,0.0,285.0
memos,Memos,英语,介绍,图片,2023.06.06,4.0,0.0,0.0,265.0
memos,Memos,英语,更新,文字,2023.05.27,3.0,0.0,2.0,413.0
memos,Memos,英语,介绍,网址,2023.05.27,1.0,0.0,0.0,363.0
memos,Memos,英语,更新,网址,2023.05.20,7.0,1.0,1.0,452.0
memos,Memos,英语,更新,文字,2023.04.16,4.0,1.0,2.0,786.0
memos,Memos,英语,更新,网址,2023.04.16,1.0,2.0,0.0,482.0
memos,Memos,英语,介绍,网址,2023.04.10,3.0,0.0,0.0,486.0
memos,Memos,英语,介绍,网址,2023.04.09,2.0,1.0,1.0,1038.0
memos,Memos,英语,介绍,文字,2023.04.09,2.0,0.0,0.0,487.0
wiad-pittsburgh,World IA Day Pittsburgh,英语,介绍,图片,2023.01.25,0.0,0.0,0.0,59.0
wiad-pittsburgh,World IA Day Pittsburgh,英语,介绍,图片,2023.01.10,1.0,0.0,0.0,141.0
wiad-pittsburgh,World IA Day Pittsburgh,英语,感谢,图片,2022.04.09,0.0,0.0,0.0,
wiad-pittsburgh,World IA Day Pittsburgh,英语,感谢,图片,2022.04.08,0.0,0.0,0.0,
wiad-pittsburgh,World IA Day Pittsburgh,英语,感谢,图片,2022.04.06,0.0,0.0,0.0,
wiad-pittsburgh,World IA Day Pittsburgh,英语,感谢,图片,2022.04.04,0.0,0.0,0.0,
wiad-pittsburgh,World IA Day Pittsburgh,英语,感谢,图片,2022.04.03,0.0,0.0,0.0,
wiad-pittsburgh,World IA Day Pittsburgh,英语,感谢,图片,2022.04.03,1.0,0.0,0.0,
react-google-maps-api,React Google Maps Api,英语,无特定目的,引用,2025.02.08,0.0,0.0,0.0,78.0
react-google-maps-api,React Google Maps Api,英语,无特定目的,视频,2024.11.28,0.0,0.0,0.0,24.0
react-google-maps-api,React Google Maps Api,英语,无特定目的,文字,2024.11.09,2.0,0.0,1.0,120.0
react-google-maps-api,React Google Maps Api,英语,无特定目的,文字,2024.07.30,1.0,0.0,1.0,28.0
react-google-maps-api,React Google Maps Api,英语,无特定目的,引用,2024.07.20,0.0,0.0,0.0,58.0
react-google-maps-api,React Google Maps Api,英语,无特定目的,文字,2024.06.14,0.0,0.0,0.0,56.0
react-google-maps-api,React Google Maps Api,英语,无特定目的,文字,2024.05.11,0.0,0.0,0.0,92.0
react-google-maps-api,React Google Maps Api,英语,无特定目的,文字,2024.04.01,1.0,0.0,0.0,61.0
react-google-maps-api,React Google Maps Api,英语,无特定目的,文字,2024.02.19,0.0,0.0,0.0,114.0
react-google-maps-api,React Google Maps Api,英语,无特定目的,文字,2023.12.19,0.0,0.0,0.0,31.0
refi-lisboa,ReFi Lisboa,英语,感谢,引用,2024.11.02,5.0,1.0,1.0,314.0
refi-lisboa,ReFi Lisboa,英语,介绍,图片,2024.11.02,1.0,0.0,1.0,87.0
refi-lisboa,ReFi Lisboa,英语,介绍,网址,2024.11.02,1.0,0.0,0.0,30.0
refi-lisboa,ReFi Lisboa,英语,介绍,图片,2024.10.30,14.0,3.0,3.0,557.0
refi-lisboa,ReFi Lisboa,英语,介绍,图片,2024.10.30,5.0,0.0,1.0,49.0
refi-lisboa,ReFi Lisboa,英语,感谢,图片,2024.10.30,6.0,1.0,0.0,79.0
refi-lisboa,ReFi Lisboa,英语,介绍,图片,2024.10.30,4.0,0.0,1.0,50.0
refi-lisboa,ReFi Lisboa,英语,介绍,引用,2024.08.27,11.0,2.0,1.0,190.0
refi-lisboa,ReFi Lisboa,英语,介绍,网址,2024.08.20,9.0,3.0,2.0,362.0
refi-lisboa,ReFi Lisboa,英语,介绍,引用,2024.08.20,1.0,0.0,0.0,52.0
refi-lisboa,ReFi Lisboa,英语,介绍,引用,2024.08.15,9.0,3.0,0.0,270.0
refi-lisboa,ReFi Lisboa,英语,介绍,引用,2024.08.12,9.0,3.0,0.0,120.0
refi-lisboa,ReFi Lisboa,英语,介绍,图片,2024.08.12,11.0,1.0,1.0,228.0
refi-lisboa,ReFi Lisboa,英语,介绍,文字,2024.06.22,16.0,3.0,9.0,1359.0
refi-lisboa,ReFi Lisboa,英语,介绍,文字,2024.06.15,13.0,2.0,0.0,231.0
refi-lisboa,ReFi Lisboa,英语,介绍,图片,2024.06.13,31.0,4.0,3.0,604.0
refi-lisboa,ReFi Lisboa,英语,介绍,音频,2024.06.04,7.0,4.0,4.0,263.0
refi-lisboa,ReFi Lisboa,英语,介绍,网址,2024.06.04,0.0,0.0,0.0,42.0
refi-lisboa,ReFi Lisboa,英语,介绍,引用,2024.06.04,2.0,1.0,0.0,119.0
refi-lisboa,ReFi Lisboa,英语,介绍,音频,2024.06.01,10.0,4.0,0.0,346.0
refi-lisboa,ReFi Lisboa,英语,无特定目的,引用,2024.05.31,4.0,0.0,0.0,105.0
refi-lisboa,ReFi Lisboa,英语,无特定目的,图片,2024.05.30,12.0,3.0,0.0,308.0
refi-lisboa,ReFi Lisboa,葡萄牙语,无特定目的,文字,2024.04.25,1.0,0.0,0.0,51.0
refi-lisboa,ReFi Lisboa,英语,介绍,引用,2024.04.25,9.0,2.0,0.0,154.0
refi-lisboa,ReFi Lisboa,英语,介绍,视频,2024.04.11,12.0,5.0,1.0,2363.0
refi-lisboa,ReFi Lisboa,英语,无特定目的,图片,2024.04.01,3.0,0.0,1.0,113.0
refi-lisboa,ReFi Lisboa,英语,无特定目的,图片,2024.04.01,1.0,0.0,1.0,41.0
refi-lisboa,ReFi Lisboa,英语,无特定目的,图片,2024.04.01,2.0,0.0,0.0,33.0
refi-lisboa,ReFi Lisboa,英语,无特定目的,图片,2024.03.30,6.0,0.0,2.0,155.0
refi-lisboa,ReFi Lisboa,英语,介绍,图片,2024.03.23,21.0,6.0,5.0,645.0
refi-lisboa,ReFi Lisboa,英语,感谢,文字,2024.03.23,3.0,0.0,0.0,65.0
refi-lisboa,ReFi Lisboa,英语,介绍,图片,2024.03.19,33.0,17.0,4.0,2021.0
refi-lisboa,ReFi Lisboa,英语,介绍,图片,2024.03.15,8.0,2.0,0.0,135.0
refi-lisboa,ReFi Lisboa,英语,介绍,图片,2024.03.14,5.0,2.0,3.0,161.0
refi-lisboa,ReFi Lisboa,英语,介绍,视频,2024.03.09,39.0,24.0,7.0,4104.0
refi-lisboa,ReFi Lisboa,英语,无特定目的,投票,2024.03.07,39.0,24.0,7.0,73.0
refi-lisboa,ReFi Lisboa,英语,感谢,视频,2024.03.05,24.0,9.0,4.0,1676.0
refi-lisboa,ReFi Lisboa,英语,介绍,视频,2024.03.01,9.0,2.0,3.0,208.0
refi-lisboa,ReFi Lisboa,英语,感谢,视频,2023.12.18,11.0,6.0,4.0,810.0
refi-lisboa,ReFi Lisboa,英语,介绍,网址,2023.12.15,3.0,1.0,0.0,135.0
refi-lisboa,ReFi Lisboa,英语,介绍,网址,2023.12.12,7.0,4.0,1.0,653.0
refi-lisboa,ReFi Lisboa,英语,介绍,视频,2023.12.08,12.0,4.0,1.0,338.0
refi-lisboa,ReFi Lisboa,英语,介绍,图片,2023.12.08,12.0,1.0,0.0,139.0
refi-lisboa,ReFi Lisboa,英语,介绍,图片,2023.10.31,20.0,3.0,0.0,633.0
refi-lisboa,ReFi Lisboa,英语,介绍,视频,2023.10.28,6.0,2.0,0.0,383.0
refi-lisboa,ReFi Lisboa,英语,介绍,引用,2023.10.07,3.0,1.0,0.0,211.0
refi-lisboa,ReFi Lisboa,英语,介绍,图片,2023.09.27,5.0,1.0,1.0,196.0
refi-lisboa,ReFi Lisboa,英语,介绍,文字,2023.09.27,0.0,0.0,1.0,54.0
refi-lisboa,ReFi Lisboa,英语,介绍,视频,2023.09.27,2.0,1.0,0.0,96.0
refi-lisboa,ReFi Lisboa,英语,介绍,图片,2023.09.27,2.0,1.0,1.0,49.0
refi-lisboa,ReFi Lisboa,英语,介绍,视频,2023.09.22,1.0,0.0,0.0,129.0
refi-lisboa,ReFi Lisboa,英语,介绍,引用,2023.09.22,2.0,0.0,0.0,110.0
refi-lisboa,ReFi Lisboa,英语,介绍,图片,2023.09.21,8.0,3.0,2.0,327.0
refi-lisboa,ReFi Lisboa,英语,介绍,图片,2023.09.15,3.0,0.0,0.0,135.0
refi-lisboa,ReFi Lisboa,英语,介绍,图片,2023.09.07,9.0,0.0,0.0,265.0
refi-lisboa,ReFi Lisboa,英语,介绍,图片,2023.09.05,10.0,2.0,0.0,350.0
refi-lisboa,ReFi Lisboa,英语,介绍,视频,2023.09.02,4.0,0.0,2.0,161.0
refi-lisboa,ReFi Lisboa,英语,感谢,视频,2023.09.01,1.0,0.0,0.0,198.0
refi-lisboa,ReFi Lisboa,英语,介绍,网址,2023.09.01,1.0,0.0,0.0,111.0
refi-lisboa,ReFi Lisboa,英语,介绍,网址,2023.08.31,5.0,2.0,0.0,446.0
refi-lisboa,ReFi Lisboa,英语,介绍,图片,2023.08.26,13.0,2.0,1.0,625.0
refi-lisboa,ReFi Lisboa,英语,感谢,引用,2023.08.25,2.0,0.0,0.0,163.0
refi-lisboa,ReFi Lisboa,葡萄牙语,介绍,引用,2023.08.24,5.0,1.0,1.0,176.0
refi-lisboa,ReFi Lisboa,英语,介绍,网址,2023.08.17,9.0,4.0,0.0,905.0
refi-lisboa,ReFi Lisboa,英语,介绍,图片,2023.08.17,12.0,3.0,2.0,647.0
refi-lisboa,ReFi Lisboa,英语,介绍,视频,2023.08.11,3.0,0.0,1.0,142.0
refi-lisboa,ReFi Lisboa,英语,无特定目的,网址,2023.08.02,5.0,0.0,0.0,111.0
refi-lisboa,ReFi Lisboa,葡萄牙语,介绍,文字,2023.08.01,2.0,2.0,1.0,195.0
refi-lisboa,ReFi Lisboa,葡萄牙语,介绍,文字,2023.07.27,6.0,2.0,0.0,1220.0
refi-lisboa,ReFi Lisboa,英语,介绍,引用,2023.07.26,9.0,1.0,1.0,293.0
refi-lisboa,ReFi Lisboa,英语,介绍,图片,2023.07.21,31.0,11.0,2.0,1761.0
refi-lisboa,ReFi Lisboa,英语,介绍,图片,2023.07.20,8.0,1.0,1.0,191.0
refi-lisboa,ReFi Lisboa,英语,介绍,引用,2023.07.20,5.0,0.0,0.0,208.0
refi-lisboa,ReFi Lisboa,英语,介绍,引用,2023.07.20,10.0,2.0,0.0,731.0
refi-lisboa,ReFi Lisboa,英语,介绍,网址,2023.07.19,3.0,2.0,0.0,1284.0
refi-lisboa,ReFi Lisboa,英语,介绍,文字,2023.07.18,1.0,0.0,0.0,71.0
refi-lisboa,ReFi Lisboa,英语,介绍,视频,2023.07.14,23.0,5.0,1.0,4435.0
refi-lisboa,ReFi Lisboa,英语,介绍,文字,2023.07.14,3.0,0.0,1.0,62.0
refi-lisboa,ReFi Lisboa,英语,感谢,文字,2023.07.14,2.0,0.0,0.0,52.0
refi-lisboa,ReFi Lisboa,英语,感谢,引用,2023.07.14,7.0,0.0,0.0,174.0
refi-lisboa,ReFi Lisboa,英语,介绍,图片,2023.07.11,6.0,5.0,3.0,861.0
refi-lisboa,ReFi Lisboa,英语,介绍,文字,2023.07.11,1.0,0.0,1.0,32.0
refi-lisboa,ReFi Lisboa,英语,介绍,文字,2023.07.11,1.0,0.0,0.0,28.0
refi-lisboa,ReFi Lisboa,英语,介绍,文字,2023.07.11,1.0,0.0,1.0,22.0
refi-lisboa,ReFi Lisboa,英语,介绍,文字,2023.07.10,5.0,3.0,1.0,1101.0
refi-lisboa,ReFi Lisboa,英语,介绍,文字,2023.07.10,0.0,0.0,1.0,40.0
refi-lisboa,ReFi Lisboa,英语,介绍,文字,2023.07.10,0.0,0.0,0.0,39.0
refi-lisboa,ReFi Lisboa,英语,无特定目的,引用,2023.07.10,1.0,0.0,0.0,79.0
refi-lisboa,ReFi Lisboa,英语,无特定目的,文字,2023.07.07,4.0,0.0,0.0,102.0
refi-lisboa,ReFi Lisboa,英语,介绍,文字,2023.07.04,0.0,0.0,0.0,52.0
refi-lisboa,ReFi Lisboa,英语,感谢,图片,2023.06.30,15.0,4.0,3.0,672.0
refi-lisboa,ReFi Lisboa,英语,介绍,图片,2023.06.30,3.0,0.0,1.0,65.0
refi-lisboa,ReFi Lisboa,英语,感谢,图片,2023.06.30,2.0,0.0,0.0,45.0
refi-lisboa,ReFi Lisboa,英语,感谢,图片,2023.06.29,3.0,1.0,0.0,117.0
refi-lisboa,ReFi Lisboa,英语,感谢,图片,2023.06.29,4.0,1.0,0.0,129.0
refi-lisboa,ReFi Lisboa,英语,介绍,文字,2023.06.29,0.0,1.0,0.0,55.0
refi-lisboa,ReFi Lisboa,英语,感谢,图片,2023.06.29,5.0,1.0,1.0,385.0
refi-lisboa,ReFi Lisboa,英语,介绍,文字,2023.06.29,1.0,0.0,0.0,39.0
refi-lisboa,ReFi Lisboa,英语,感谢,图片,2023.06.27,11.0,2.0,2.0,506.0
refi-lisboa,ReFi Lisboa,英语,介绍,图片,2023.06.27,11.0,2.0,2.0,506.0
refi-lisboa,ReFi Lisboa,英语,介绍,引用,2023.07.04,8.0,0.0,0.0,295.0
refi-lisboa,ReFi Lisboa,英语,介绍,图片,2023.06.27,11.0,2.0,2.0,506.0
refi-lisboa,ReFi Lisboa,英语,介绍,图片,2023.06.27,2.0,1.0,1.0,649.0
refi-lisboa,ReFi Lisboa,英语,介绍,文字,2023.06.27,0.0,0.0,0.0,39.0
refi-lisboa,ReFi Lisboa,英语,介绍,图片,2023.06.27,13.0,5.0,2.0,1293.0
refi-lisboa,ReFi Lisboa,英语,介绍,文字,2023.06.27,3.0,0.0,0.0,54.0
refi-lisboa,ReFi Lisboa,英语,介绍,文字,2023.06.26,9.0,2.0,1.0,316.0
refi-lisboa,ReFi Lisboa,英语,无特定目的,文字,2023.06.26,0.0,0.0,0.0,71.0
refi-lisboa,ReFi Lisboa,英语,介绍,图片,2023.06.26,8.0,3.0,0.0,2004.0
refi-lisboa,ReFi Lisboa,英语,无特定目的,图片,2023.06.23,21.0,2.0,1.0,703.0
refi-lisboa,ReFi Lisboa,英语,无特定目的,文字,2023.06.23,2.0,0.0,1.0,54.0
refi-lisboa,ReFi Lisboa,英语,无特定目的,文字,2023.06.23,1.0,0.0,0.0,43.0
refi-lisboa,ReFi Lisboa,英语,介绍,图片,2023.06.23,3.0,1.0,0.0,101.0
refi-lisboa,ReFi Lisboa,英语,介绍,文字,2023.06.22,5.0,1.0,0.0,450.0
refi-lisboa,ReFi Lisboa,英语,介绍,图片,2023.06.20,9.0,1.0,1.0,407.0
refi-lisboa,ReFi Lisboa,英语,介绍,文字,2023.06.20,3.0,0.0,0.0,43.0
refi-lisboa,ReFi Lisboa,英语,介绍,引用,2023.06.20,3.0,0.0,0.0,98.0
refi-lisboa,ReFi Lisboa,英语,无特定目的,文字,2023.06.20,12.0,4.0,3.0,693.0
refi-lisboa,ReFi Lisboa,英语,无特定目的,图片,2023.06.20,3.0,1.0,1.0,77.0
refi-lisboa,ReFi Lisboa,英语,无特定目的,文字,2023.06.20,3.0,1.0,1.0,74.0
refi-lisboa,ReFi Lisboa,英语,介绍,图片,2023.06.20,3.0,1.0,1.0,69.0
refi-lisboa,ReFi Lisboa,英语,介绍,图片,2023.06.20,8.0,1.0,1.0,420.0
refi-lisboa,ReFi Lisboa,英语,介绍,文字,2023.06.20,2.0,0.0,0.0,56.0
refi-lisboa,ReFi Lisboa,英语,无特定目的,文字,2023.06.16,6.0,0.0,0.0,95.0
refi-lisboa,ReFi Lisboa,英语,介绍,引用,2023.06.15,5.0,0.0,0.0,139.0
refi-lisboa,ReFi Lisboa,英语,介绍,视频,2023.06.15,17.0,6.0,1.0,1530.0
refi-lisboa,ReFi Lisboa,英语,介绍,文字,2023.06.15,3.0,1.0,0.0,451.0
refi-lisboa,ReFi Lisboa,英语,介绍,文字,2023.06.14,32.0,13.0,2.0,3571.0
refi-lisboa,ReFi Lisboa,英语,介绍,文字,2023.06.14,5.0,0.0,1.0,69.0
refi-lisboa,ReFi Lisboa,英语,介绍,文字,2023.06.14,4.0,0.0,0.0,65.0
refi-lisboa,ReFi Lisboa,英语,介绍,图片,2023.06.12,3.0,1.0,0.0,130.0
refi-lisboa,ReFi Lisboa,英语,无特定目的,图片,2023.06.12,20.0,9.0,1.0,1273.0
refi-lisboa,ReFi Lisboa,英语,无特定目的,文字,2023.06.12,7.0,0.0,1.0,76.0
refi-lisboa,ReFi Lisboa,英语,无特定目的,文字,2023.06.12,4.0,0.0,0.0,54.0
refi-lisboa,ReFi Lisboa,英语,介绍,引用,2023.06.09,11.0,1.0,1.0,321.0
refi-lisboa,ReFi Lisboa,英语,介绍,文字,2023.06.08,8.0,1.0,2.0,449.0
refi-lisboa,ReFi Lisboa,英语,介绍,文字,2023.06.08,4.0,1.0,0.0,70.0
refi-lisboa,ReFi Lisboa,英语,感谢,引用,2023.05.23,0.0,0.0,0.0,46.0
refi-lisboa,ReFi Lisboa,英语,介绍,引用,2023.05.18,4.0,1.0,0.0,266.0
refi-lisboa,ReFi Lisboa,英语,介绍,网址,2023.05.17,20.0,3.0,2.0,844.0
refi-lisboa,ReFi Lisboa,英语,介绍,引用,2023.05.16,0.0,0.0,0.0,69.0
refi-lisboa,ReFi Lisboa,英语,介绍,图片,2023.05.16,6.0,1.0,2.0,157.0
refi-lisboa,ReFi Lisboa,英语,介绍,网址,2023.05.16,3.0,0.0,0.0,64.0
refi-lisboa,ReFi Lisboa,英语,感谢,图片,2023.05.16,50.0,4.0,3.0,1887.0
refi-lisboa,ReFi Lisboa,英语,介绍,视频,2023.05.15,3.0,3.0,0.0,1628.0
refi-lisboa,ReFi Lisboa,英语,介绍,图片,2023.05.15,1.0,0.0,0.0,93.0
refi-lisboa,ReFi Lisboa,英语,介绍,图片,2023.05.13,1.0,0.0,0.0,104.0
refi-lisboa,ReFi Lisboa,英语,介绍,图片,2023.05.13,4.0,0.0,1.0,158.0
refi-lisboa,ReFi Lisboa,英语,介绍,图片,2023.05.12,0.0,0.0,0.0,51.0
refi-lisboa,ReFi Lisboa,英语,介绍,图片,2023.05.12,9.0,1.0,2.0,305.0
refi-lisboa,ReFi Lisboa,英语,介绍,图片,2023.05.12,0.0,1.0,1.0,695.0
refi-lisboa,ReFi Lisboa,英语,介绍,图片,2023.05.12,2.0,2.0,0.0,1057.0
refi-lisboa,ReFi Lisboa,英语,无特定目的,文字,2023.05.12,1.0,0.0,0.0,485.0
refi-lisboa,ReFi Lisboa,英语,介绍,图片,2023.05.11,2.0,1.0,1.0,110.0
refi-lisboa,ReFi Lisboa,英语,介绍,文字,2023.05.11,1.0,0.0,1.0,48.0
refi-lisboa,ReFi Lisboa,英语,介绍,图片,2023.05.11,26.0,4.0,1.0,1527.0
refi-lisboa,ReFi Lisboa,英语,介绍,图片,2023.05.11,1.0,0.0,1.0,64.0
refi-lisboa,ReFi Lisboa,英语,感谢,文字,2023.05.11,1.0,0.0,0.0,73.0
refi-lisboa,ReFi Lisboa,英语,介绍,图片,2023.05.09,6.0,1.0,1.0,224.0
refi-lisboa,ReFi Lisboa,英语,介绍,网址,2023.05.08,0.0,0.0,0.0,59.0
refi-lisboa,ReFi Lisboa,英语,无特定目的,图片,2023.05.06,1.0,3.0,0.0,695.0
refi-lisboa,ReFi Lisboa,英语,介绍,文字,2023.05.06,1.0,0.0,2.0,494.0
refi-lisboa,ReFi Lisboa,英语,介绍,网址,2023.05.05,3.0,2.0,1.0,564.0
refi-lisboa,ReFi Lisboa,英语,介绍,文字,2023.05.04,4.0,1.0,1.0,196.0
refi-lisboa,ReFi Lisboa,英语,介绍,引用,2023.05.04,6.0,0.0,2.0,326.0
refi-lisboa,ReFi Lisboa,英语,介绍,网址,2023.05.03,14.0,5.0,3.0,1953.0
refi-lisboa,ReFi Lisboa,英语,介绍,文字,2023.05.02,0.0,0.0,1.0,85.0
refi-lisboa,ReFi Lisboa,英语,介绍,引用,2023.05.02,2.0,2.0,0.0,408.0
refi-lisboa,ReFi Lisboa,英语,介绍,视频,2023.05.02,19.0,12.0,1.0,3521.0
refi-lisboa,ReFi Lisboa,英语,介绍,引用,2023.05.02,2.0,1.0,1.0,143.0
refi-lisboa,ReFi Lisboa,英语,介绍,文字,2023.04.28,11.0,1.0,2.0,407.0
refi-lisboa,ReFi Lisboa,英语,介绍,图片,2023.04.28,9.0,2.0,1.0,411.0
refi-lisboa,ReFi Lisboa,英语,介绍,引用,2023.04.28,1.0,1.0,0.0,111.0
refi-lisboa,ReFi Lisboa,英语,介绍,引用,2023.04.27,7.0,1.0,1.0,498.0
refi-lisboa,ReFi Lisboa,英语,介绍,引用,2023.04.27,3.0,1.0,0.0,311.0
refi-lisboa,ReFi Lisboa,英语,无特定目的,引用,2023.04.27,1.0,2.0,0.0,111.0
refi-lisboa,ReFi Lisboa,英语,介绍,图片,2023.04.26,29.0,6.0,4.0,2049.0
refi-lisboa,ReFi Lisboa,英语,介绍,网址,2023.04.25,10.0,0.0,1.0,385.0
refi-lisboa,ReFi Lisboa,英语,无特定目的,图片,2023.04.25,3.0,2.0,1.0,215.0
refi-lisboa,ReFi Lisboa,英语,无特定目的,引用,2023.04.25,0.0,0.0,0.0,46.0
refi-lisboa,ReFi Lisboa,英语,无特定目的,引用,2023.04.25,3.0,1.0,0.0,143.0
refi-lisboa,ReFi Lisboa,英语,无特定目的,文字,2023.04.24,2.0,0.0,0.0,92.0
refi-lisboa,ReFi Lisboa,英语,介绍,文字,2023.04.23,15.0,6.0,6.0,1162.0
refi-lisboa,ReFi Lisboa,英语,介绍,图片,2023.04.22,3.0,1.0,2.0,240.0
refi-lisboa,ReFi Lisboa,英语,介绍,引用,2023.04.22,4.0,0.0,1.0,298.0
refi-lisboa,ReFi Lisboa,英语,介绍,文字,2023.04.22,1.0,0.0,0.0,48.0
refi-lisboa,ReFi Lisboa,英语,介绍,文字,2023.04.22,7.0,2.0,0.0,493.0
refi-lisboa,ReFi Lisboa,英语,介绍,引用,2023.04.21,3.0,0.0,0.0,73.0
refi-lisboa,ReFi Lisboa,英语,介绍,引用,2023.04.20,1.0,0.0,0.0,89.0
refi-lisboa,ReFi Lisboa,英语,介绍,文字,2023.04.20,6.0,4.0,1.0,1617.0
refi-lisboa,ReFi Lisboa,英语,介绍,引用,2023.04.20,2.0,0.0,0.0,72.0
refi-lisboa,ReFi Lisboa,英语,介绍,引用,2023.04.19,1.0,0.0,0.0,56.0
refi-lisboa,ReFi Lisboa,英语,介绍,引用,2023.04.19,2.0,0.0,0.0,93.0
refi-lisboa,ReFi Lisboa,英语,介绍,引用,2023.04.18,4.0,0.0,0.0,109.0
refi-lisboa,ReFi Lisboa,英语,介绍,视频,2023.04.17,6.0,1.0,1.0,342.0
refi-lisboa,ReFi Lisboa,英语,介绍,图片,2023.04.14,25.0,5.0,2.0,1740.0
refi-lisboa,ReFi Lisboa,英语,感谢,引用,2023.04.12,8.0,1.0,1.0,352.0
refi-lisboa,ReFi Lisboa,英语,介绍,图片,2023.04.12,3.0,0.0,0.0,113.0
refi-lisboa,ReFi Lisboa,英语,介绍,引用,2023.04.11,2.0,0.0,0.0,111.0
refi-lisboa,ReFi Lisboa,英语,介绍,引用,2023.04.11,1.0,0.0,0.0,81.0
refi-lisboa,ReFi Lisboa,英语,介绍,图片,2023.04.11,2.0,0.0,0.0,97.0
refi-lisboa,ReFi Lisboa,英语,介绍,图片,2023.04.11,15.0,2.0,3.0,650.0
refi-lisboa,ReFi Lisboa,英语,介绍,文字,2023.04.11,0.0,0.0,1.0,64.0
refi-lisboa,ReFi Lisboa,英语,介绍,文字,2023.04.10,5.0,1.0,2.0,302.0
refi-lisboa,ReFi Lisboa,英语,介绍,文字,2023.04.10,1.0,1.0,0.0,85.0
refi-lisboa,ReFi Lisboa,英语,介绍,网址,2023.04.10,3.0,1.0,1.0,112.0
refi-lisboa,ReFi Lisboa,英语,介绍,文字,2023.04.10,11.0,2.0,4.0,532.0
refi-lisboa,ReFi Lisboa,英语,介绍,引用,2023.04.08,7.0,1.0,0.0,1175.0
refi-lisboa,ReFi Lisboa,英语,介绍,引用,2023.04.08,0.0,0.0,0.0,104.0
refi-lisboa,ReFi Lisboa,英语,介绍,引用,2023.04.07,1.0,0.0,0.0,95.0
refi-lisboa,ReFi Lisboa,英语,介绍,文字,2023.04.06,1.0,1.0,1.0,269.0
refi-lisboa,ReFi Lisboa,英语,介绍,文字,2023.04.05,2.0,0.0,1.0,169.0
refi-lisboa,ReFi Lisboa,英语,介绍,文字,2023.04.05,0.0,0.0,1.0,30.0
refi-lisboa,ReFi Lisboa,英语,介绍,引用,2023.04.05,0.0,0.0,0.0,84.0
refi-lisboa,ReFi Lisboa,英语,介绍,文字,2023.04.04,4.0,0.0,2.0,120.0
refi-lisboa,ReFi Lisboa,英语,介绍,引用,2023.04.04,0.0,0.0,0.0,47.0
refi-lisboa,ReFi Lisboa,英语,介绍,引用,2023.04.04,4.0,1.0,0.0,269.0
refi-lisboa,ReFi Lisboa,英语,介绍,文字,2023.04.03,4.0,2.0,2.0,179.0
refi-lisboa,ReFi Lisboa,英语,介绍,文字,2023.04.03,1.0,0.0,1.0,94.0
refi-lisboa,ReFi Lisboa,英语,介绍,引用,2023.04.03,3.0,0.0,1.0,269.0
refi-lisboa,ReFi Lisboa,英语,介绍,引用,2023.04.03,1.0,0.0,0.0,77.0
refi-lisboa,ReFi Lisboa,英语,介绍,文字,2023.03.31,4.0,1.0,1.0,308.0
refi-lisboa,ReFi Lisboa,英语,介绍,文字,2023.03.31,21.0,8.0,5.0,1670.0
refi-lisboa,ReFi Lisboa,英语,介绍,引用,2023.03.31,8.0,0.0,1.0,426.0
refi-lisboa,ReFi Lisboa,英语,介绍,引用,2023.03.28,0.0,0.0,1.0,107.0
refi-lisboa,ReFi Lisboa,英语,介绍,引用,2023.03.28,5.0,3.0,0.0,411.0
refi-lisboa,ReFi Lisboa,英语,介绍,引用,2023.03.27,10.0,7.0,0.0,921.0
refi-lisboa,ReFi Lisboa,英语,介绍,图片,2023.03.24,8.0,1.0,0.0,410.0
refi-lisboa,ReFi Lisboa,英语,介绍,文字,2023.03.24,4.0,1.0,1.0,148.0
refi-lisboa,ReFi Lisboa,英语,介绍,引用,2023.03.24,7.0,1.0,1.0,559.0
refi-lisboa,ReFi Lisboa,英语,无特定目的,引用,2023.03.24,4.0,1.0,0.0,480.0
refi-lisboa,ReFi Lisboa,英语,介绍,文字,2023.03.24,2.0,0.0,0.0,61.0
refi-lisboa,ReFi Lisboa,英语,介绍,引用,2023.03.23,0.0,0.0,0.0,66.0
refi-lisboa,ReFi Lisboa,英语,介绍,文字,2023.03.23,1.0,0.0,1.0,69.0
refi-lisboa,ReFi Lisboa,英语,介绍,文字,2023.03.22,5.0,0.0,0.0,120.0
refi-lisboa,ReFi Lisboa,英语,介绍,引用,2023.03.22,3.0,1.0,0.0,248.0
refi-lisboa,ReFi Lisboa,英语,介绍,图片,2023.03.22,6.0,2.0,0.0,994.0
refi-lisboa,ReFi Lisboa,英语,介绍,引用,2023.03.21,4.0,0.0,0.0,88.0
refi-lisboa,ReFi Lisboa,英语,介绍,图片,2023.03.21,10.0,1.0,0.0,482.0
refi-lisboa,ReFi Lisboa,英语,介绍,文字,2023.03.20,4.0,7.0,0.0,812.0
refi-lisboa,ReFi Lisboa,英语,无特定目的,文字,2023.03.20,1.0,0.0,1.0,76.0
refi-lisboa,ReFi Lisboa,英语,介绍,图片,2023.03.20,6.0,2.0,0.0,203.0
refi-lisboa,ReFi Lisboa,英语,介绍,图片,2023.03.18,11.0,3.0,2.0,1738.0
refi-lisboa,ReFi Lisboa,英语,介绍,网址,2023.03.18,1.0,1.0,0.0,1461.0
refi-lisboa,ReFi Lisboa,英语,介绍,图片,2023.03.17,12.0,5.0,1.0,1100.0
refi-lisboa,ReFi Lisboa,英语,介绍,网址,2023.03.17,6.0,3.0,0.0,379.0
refi-lisboa,ReFi Lisboa,英语,介绍,图片,2023.03.17,1.0,1.0,0.0,104.0
refi-lisboa,ReFi Lisboa,英语,介绍,引用,2023.03.16,1.0,0.0,0.0,84.0
refi-lisboa,ReFi Lisboa,英语,介绍,视频,2023.03.14,4.0,2.0,1.0,853.0
refi-lisboa,ReFi Lisboa,英语,介绍,引用,2023.03.13,7.0,2.0,0.0,418.0
refi-lisboa,ReFi Lisboa,英语,介绍,引用,2023.03.09,9.0,4.0,0.0,323.0
refi-lisboa,ReFi Lisboa,英语,介绍,网址,2023.03.09,1.0,0.0,0.0,39.0
refi-lisboa,ReFi Lisboa,英语,无特定目的,引用,2023.03.09,1.0,0.0,0.0,90.0
refi-lisboa,ReFi Lisboa,英语,介绍,视频,2023.03.04,17.0,10.0,2.0,1494.0
refi-lisboa,ReFi Lisboa,英语,介绍,视频,2023.03.01,19.0,10.0,1.0,2579.0
refi-lisboa,ReFi Lisboa,英语,介绍,引用,2023.03.01,4.0,0.0,1.0,126.0
refi-lisboa,ReFi Lisboa,英语,介绍,引用,2023.03.01,5.0,0.0,0.0,199.0
refi-lisboa,ReFi Lisboa,英语,介绍,视频,2023.02.28,7.0,4.0,1.0,347.0
refi-lisboa,ReFi Lisboa,英语,介绍,网址,2023.02.28,1.0,1.0,0.0,170.0
refi-lisboa,ReFi Lisboa,英语,介绍,文字,2023.02.27,4.0,2.0,0.0,119.0
refi-lisboa,ReFi Lisboa,英语,介绍,引用,2023.02.25,7.0,2.0,0.0,592.0
refi-lisboa,ReFi Lisboa,英语,介绍,图片,2023.02.25,8.0,1.0,1.0,392.0
refi-lisboa,ReFi Lisboa,英语,介绍,文字,2023.02.23,3.0,0.0,1.0,73.0
refi-lisboa,ReFi Lisboa,英语,感谢,图片,2023.02.20,2.0,2.0,0.0,254.0
refi-lisboa,ReFi Lisboa,英语,感谢,图片,2023.02.18,5.0,0.0,0.0,163.0
refi-lisboa,ReFi Lisboa,英语,感谢,引用,2023.02.18,6.0,1.0,0.0,333.0
refi-lisboa,ReFi Lisboa,英语,感谢,图片,2023.02.18,1.0,0.0,0.0,77.0
refi-lisboa,ReFi Lisboa,英语,介绍,文字,2023.02.17,9.0,3.0,2.0,458.0
refi-lisboa,ReFi Lisboa,英语,介绍,文字,2023.02.17,1.0,0.0,0.0,47.0
refi-lisboa,ReFi Lisboa,英语,介绍,文字,2023.02.16,1.0,0.0,0.0,69.0
refi-lisboa,ReFi Lisboa,英语,介绍,文字,2023.02.16,3.0,1.0,0.0,142.0
refi-lisboa,ReFi Lisboa,英语,介绍,文字,2023.02.16,1.0,0.0,1.0,50.0
refi-lisboa,ReFi Lisboa,英语,介绍,图片,2023.02.15,2.0,2.0,1.0,208.0
refi-lisboa,ReFi Lisboa,英语,介绍,图片,2023.02.15,1.0,0.0,1.0,60.0
refi-lisboa,ReFi Lisboa,英语,介绍,文字,2023.02.15,1.0,0.0,1.0,56.0
refi-lisboa,ReFi Lisboa,英语,介绍,图片,2023.02.15,5.0,1.0,0.0,150.0
refi-lisboa,ReFi Lisboa,英语,介绍,图片,2023.02.14,12.0,3.0,1.0,2212.0
refi-lisboa,ReFi Lisboa,英语,介绍,文字,2023.02.14,0.0,0.0,1.0,60.0
refi-lisboa,ReFi Lisboa,英语,介绍,网址,2023.02.13,14.0,7.0,1.0,1988.0
refi-lisboa,ReFi Lisboa,英语,介绍,图片,2023.02.11,6.0,5.0,2.0,796.0
refi-lisboa,ReFi Lisboa,英语,介绍,图片,2023.02.10,7.0,3.0,2.0,1124.0
refi-lisboa,ReFi Lisboa,英语,介绍,图片,2023.02.09,20.0,9.0,5.0,937.0
refi-lisboa,ReFi Lisboa,英语,介绍,网址,2023.02.09,7.0,3.0,0.0,574.0
refi-lisboa,ReFi Lisboa,英语,介绍,网址,2023.02.08,5.0,3.0,0.0,998.0
refi-lisboa,ReFi Lisboa,英语,介绍,图片,2023.01.23,4.0,0.0,0.0,98.0
refi-lisboa,ReFi Lisboa,葡萄牙语,介绍,文字,2023.01.21,3.0,1.0,0.0,94.0
refi-lisboa,ReFi Lisboa,英语,介绍,图片,2023.01.20,7.0,6.0,7.0,935.0
otree,oTree,英语,无特定目的,投票,2023.08.28,1.0,0.0,0.0,415.0
otree,oTree,英语,介绍,网址,2022.11.28,2.0,0.0,0.0,
otree,oTree,英语,更新,文字,2022.11.17,3.0,0.0,0.0,
otree,oTree,英语,介绍,文字,2022.10.24,4.0,0.0,0.0,
otree,oTree,英语,介绍,文字,2022.09.19,3.0,0.0,0.0,
otree,oTree,英语,更新,文字,2022.09.18,4.0,0.0,0.0,
otree,oTree,英语,无特定目的,投票,2022.09.16,0.0,0.0,1.0,
otree,oTree,英语,寻求赞助,网址,2022.09.04,4.0,1.0,0.0,
otree,oTree,英语,更新,文字,2022.09.02,6.0,1.0,0.0,
otree,oTree,英语,无特定目的,引用,2022.05.23,2.0,0.0,0.0,
otree,oTree,英语,更新,文字,2022.04.05,16.0,1.0,5.0,
otree,oTree,英语,介绍,文字,2022.03.17,73.0,15.0,1.0,
librepcb,LibrePCB,英语,更新,视频,2024.04.04,25.0,9.0,1.0,1588.0
librepcb,LibrePCB,英语,更新,视频,2023.09.25,443.0,118.0,9.0,50003.0
librepcb,LibrePCB,英语,介绍,图片,2023.08.23,2.0,1.0,0.0,658.0
librepcb,LibrePCB,英语,介绍,网址,2023.08.23,20.0,5.0,0.0,1261.0
librepcb,LibrePCB,英语,介绍,更新,2022.10.03,10.0,5.0,0.0,
librepcb,LibrePCB,英语,介绍,视频,2022.09.09,8.0,5.0,0.0,
bsidesphilly,BSidesPhilly 2024,英语,介绍,网址,2025.02.10,7.0,3.0,0.0,311.0
bsidesphilly,BSidesPhilly 2024,英语,无特定目的,图片,2025.01.01,17.0,3.0,1.0,214.0
bsidesphilly,BSidesPhilly 2024,英语,介绍,图片,2024.12.25,15.0,5.0,0.0,298.0
bsidesphilly,BSidesPhilly 2024,英语,感谢,图片,2024.12.06,1.0,1.0,0.0,175.0
bsidesphilly,BSidesPhilly 2024,英语,介绍,图片,2024.12.06,2.0,2.0,0.0,451.0
bsidesphilly,BSidesPhilly 2024,英语,感谢,图片,2024.12.06,3.0,0.0,0.0,147.0
bsidesphilly,BSidesPhilly 2024,英语,感谢,图片,2024.12.06,3.0,1.0,0.0,149.0
bsidesphilly,BSidesPhilly 2024,英语,感谢,图片,2024.12.06,2.0,0.0,0.0,121.0
bsidesphilly,BSidesPhilly 2024,英语,介绍,图片,2024.12.06,6.0,0.0,0.0,135.0
bsidesphilly,BSidesPhilly 2024,英语,感谢,图片,2024.12.05,6.0,0.0,0.0,160.0
bsidesphilly,BSidesPhilly 2024,英语,感谢,图片,2024.12.05,13.0,6.0,0.0,896.0
bsidesphilly,BSidesPhilly 2024,英语,感谢,图片,2024.12.04,2.0,1.0,0.0,121.0
bsidesphilly,BSidesPhilly 2024,英语,介绍,视频,2024.12.04,0.0,0.0,0.0,115.0
bsidesphilly,BSidesPhilly 2024,英语,介绍,视频,2024.12.04,0.0,0.0,0.0,97.0
bsidesphilly,BSidesPhilly 2024,英语,介绍,图片,2024.12.04,1.0,0.0,0.0,82.0
bsidesphilly,BSidesPhilly 2024,英语,感谢,视频,2024.12.04,2.0,0.0,0.0,96.0
bsidesphilly,BSidesPhilly 2024,英语,感谢,视频,2024.12.04,0.0,0.0,0.0,80.0
bsidesphilly,BSidesPhilly 2024,英语,介绍,视频,2024.12.04,3.0,1.0,1.0,123.0
bsidesphilly,BSidesPhilly 2024,英语,感谢,视频,2024.12.04,0.0,0.0,0.0,66.0
bsidesphilly,BSidesPhilly 2024,英语,介绍,视频,2024.12.04,0.0,0.0,0.0,71.0
bsidesphilly,BSidesPhilly 2024,英语,寻求赞助,图片,2024.12.04,0.0,0.0,0.0,88.0
bsidesphilly,BSidesPhilly 2024,英语,感谢,图片,2024.12.04,1.0,0.0,0.0,64.0
bsidesphilly,BSidesPhilly 2024,英语,介绍,视频,2024.12.04,0.0,0.0,0.0,54.0
bsidesphilly,BSidesPhilly 2024,英语,寻求赞助,视频,2024.12.04,1.0,1.0,0.0,1021.0
bsidesphilly,BSidesPhilly 2024,英语,介绍,视频,2024.12.03,1.0,0.0,0.0,77.0
bsidesphilly,BSidesPhilly 2024,英语,介绍,视频,2024.12.03,3.0,1.0,0.0,469.0
bsidesphilly,BSidesPhilly 2024,英语,介绍,视频,2024.12.03,4.0,1.0,0.0,106.0
bsidesphilly,BSidesPhilly 2024,英语,感谢,图片,2024.12.03,0.0,0.0,0.0,72.0
bsidesphilly,BSidesPhilly 2024,英语,介绍,图片,2024.12.03,3.0,3.0,0.0,130.0
bsidesphilly,BSidesPhilly 2024,英语,感谢,图片,2024.12.03,0.0,0.0,0.0,74.0
bsidesphilly,BSidesPhilly 2024,英语,感谢,图片,2024.12.03,0.0,0.0,0.0,82.0
bsidesphilly,BSidesPhilly 2024,英语,介绍,视频,2024.12.03,1.0,0.0,0.0,71.0
bsidesphilly,BSidesPhilly 2024,英语,介绍,图片,2024.12.03,1.0,0.0,0.0,69.0
bsidesphilly,BSidesPhilly 2024,英语,感谢,图片,2024.12.02,1.0,0.0,0.0,61.0
bsidesphilly,BSidesPhilly 2024,英语,介绍,视频,2024.12.02,1.0,1.0,0.0,362.0
bsidesphilly,BSidesPhilly 2024,英语,感谢,图片,2024.12.02,1.0,0.0,0.0,60.0
bsidesphilly,BSidesPhilly 2024,英语,感谢,图片,2024.12.02,1.0,0.0,0.0,50.0
bsidesphilly,BSidesPhilly 2024,英语,介绍,图片,2024.11.30,2.0,1.0,0.0,654.0
bsidesphilly,BSidesPhilly 2024,英语,感谢,图片,2024.11.30,0.0,0.0,4.0,86.0
bsidesphilly,BSidesPhilly 2024,英语,寻求赞助,视频,2024.11.30,0.0,0.0,5.0,62.0
bsidesphilly,BSidesPhilly 2024,英语,介绍,图片,2024.11.30,0.0,0.0,0.0,50.0
bsidesphilly,BSidesPhilly 2024,英语,介绍,图片,2024.11.30,1.0,1.0,0.0,107.0
bsidesphilly,BSidesPhilly 2024,英语,感谢,图片,2024.11.30,0.0,0.0,0.0,81.0
bsidesphilly,BSidesPhilly 2024,英语,介绍,图片,2024.11.30,1.0,1.0,0.0,81.0
bsidesphilly,BSidesPhilly 2024,英语,介绍,图片,2024.11.30,3.0,3.0,0.0,114.0
bsidesphilly,BSidesPhilly 2024,英语,寻求赞助,图片,2024.11.30,0.0,0.0,0.0,53.0
bsidesphilly,BSidesPhilly 2024,英语,寻求赞助,视频,2024.11.30,0.0,0.0,0.0,55.0
bsidesphilly,BSidesPhilly 2024,英语,介绍,图片,2024.11.30,1.0,0.0,0.0,56.0
bsidesphilly,BSidesPhilly 2024,英语,感谢,图片,2024.11.29,2.0,0.0,0.0,55.0
bsidesphilly,BSidesPhilly 2024,英语,感谢,图片,2024.11.28,3.0,0.0,0.0,68.0
bsidesphilly,BSidesPhilly 2024,英语,介绍,视频,2024.11.28,4.0,3.0,0.0,558.0
bsidesphilly,BSidesPhilly 2024,英语,介绍,图片,2024.11.28,2.0,1.0,0.0,102.0
bsidesphilly,BSidesPhilly 2024,英语,寻求赞助,图片,2024.11.28,0.0,0.0,0.0,115.0
bsidesphilly,BSidesPhilly 2024,英语,感谢,图片,2024.11.28,0.0,0.0,0.0,67.0
bsidesphilly,BSidesPhilly 2024,英语,介绍,视频,2024.11.28,4.0,1.0,0.0,99.0
bsidesphilly,BSidesPhilly 2024,英语,感谢,图片,2024.11.28,0.0,0.0,0.0,63.0
bsidesphilly,BSidesPhilly 2024,英语,寻求赞助,视频,2024.11.28,0.0,0.0,0.0,75.0
bsidesphilly,BSidesPhilly 2024,英语,感谢,图片,2024.11.27,2.0,0.0,0.0,76.0
bsidesphilly,BSidesPhilly 2024,英语,介绍,视频,2024.11.27,2.0,1.0,0.0,89.0
bsidesphilly,BSidesPhilly 2024,英语,寻求赞助,图片,2024.11.27,1.0,0.0,0.0,73.0
bsidesphilly,BSidesPhilly 2024,英语,介绍,图片,2024.11.27,3.0,2.0,0.0,147.0
bsidesphilly,BSidesPhilly 2024,英语,介绍,图片,2024.11.27,1.0,0.0,0.0,46.0
bsidesphilly,BSidesPhilly 2024,英语,介绍,图片,2024.11.27,4.0,1.0,0.0,780.0
bsidesphilly,BSidesPhilly 2024,英语,介绍,图片,2024.11.27,0.0,0.0,0.0,70.0
bsidesphilly,BSidesPhilly 2024,英语,感谢,图片,2024.11.27,3.0,1.0,0.0,76.0
bsidesphilly,BSidesPhilly 2024,英语,介绍,图片,2024.11.26,5.0,3.0,0.0,99.0
bsidesphilly,BSidesPhilly 2024,英语,介绍,图片,2024.11.26,1.0,0.0,0.0,63.0
bsidesphilly,BSidesPhilly 2024,英语,寻求赞助,视频,2024.11.26,1.0,0.0,0.0,65.0
bsidesphilly,BSidesPhilly 2024,英语,寻求赞助,图片,2024.11.26,0.0,2.0,0.0,542.0
bsidesphilly,BSidesPhilly 2024,英语,介绍,图片,2024.11.26,2.0,1.0,1.0,82.0
bsidesphilly,BSidesPhilly 2024,英语,介绍,图片,2024.11.26,2.0,0.0,0.0,418.0
bsidesphilly,BSidesPhilly 2024,英语,介绍,图片,2024.11.26,2.0,2.0,0.0,306.0
bsidesphilly,BSidesPhilly 2024,英语,介绍,图片,2024.11.26,1.0,0.0,0.0,57.0
bsidesphilly,BSidesPhilly 2024,英语,感谢,图片,2024.11.26,1.0,0.0,0.0,58.0
bsidesphilly,BSidesPhilly 2024,英语,介绍,图片,2024.11.26,0.0,0.0,0.0,48.0
bsidesphilly,BSidesPhilly 2024,英语,介绍,图片,2024.11.25,1.0,1.0,0.0,81.0
bsidesphilly,BSidesPhilly 2024,英语,寻求赞助,视频,2024.11.25,1.0,0.0,1.0,64.0
bsidesphilly,BSidesPhilly 2024,英语,介绍,图片,2024.11.25,1.0,2.0,0.0,123.0
bsidesphilly,BSidesPhilly 2024,英语,感谢,图片,2024.11.25,0.0,0.0,0.0,68.0
bsidesphilly,BSidesPhilly 2024,英语,介绍,图片,2024.11.23,3.0,2.0,0.0,114.0
bsidesphilly,BSidesPhilly 2024,英语,感谢,图片,2024.11.23,0.0,0.0,0.0,70.0
bsidesphilly,BSidesPhilly 2024,英语,介绍,图片,2024.11.23,3.0,3.0,0.0,150.0
bsidesphilly,BSidesPhilly 2024,英语,介绍,图片,2024.11.23,1.0,0.0,0.0,49.0
bsidesphilly,BSidesPhilly 2024,英语,寻求赞助,图片,2024.11.23,1.0,0.0,0.0,87.0
bsidesphilly,BSidesPhilly 2024,英语,介绍,图片,2024.11.23,2.0,2.0,0.0,143.0
bsidesphilly,BSidesPhilly 2024,英语,介绍,图片,2024.11.22,0.0,0.0,0.0,49.0
bsidesphilly,BSidesPhilly 2024,英语,寻求赞助,视频,2024.11.22,1.0,0.0,0.0,50.0
bsidesphilly,BSidesPhilly 2024,英语,介绍,图片,2024.11.22,3.0,0.0,0.0,68.0
bsidesphilly,BSidesPhilly 2024,英语,感谢,图片,2024.11.22,1.0,0.0,0.0,65.0
bsidesphilly,BSidesPhilly 2024,英语,介绍,图片,2024.11.22,1.0,2.0,0.0,666.0
bsidesphilly,BSidesPhilly 2024,英语,介绍,图片,2024.11.22,1.0,0.0,0.0,68.0
bsidesphilly,BSidesPhilly 2024,英语,寻求赞助,视频,2024.11.22,0.0,0.0,0.0,68.0
bsidesphilly,BSidesPhilly 2024,英语,感谢,图片,2024.11.22,0.0,0.0,0.0,62.0
bsidesphilly,BSidesPhilly 2024,英语,介绍,图片,2024.11.22,0.0,0.0,0.0,69.0
bsidesphilly,BSidesPhilly 2024,英语,介绍,图片,2024.11.22,2.0,1.0,0.0,76.0
bsidesphilly,BSidesPhilly 2024,英语,介绍,视频,2024.11.21,1.0,1.0,0.0,88.0
bsidesphilly,BSidesPhilly 2024,英语,感谢,图片,2024.11.21,0.0,0.0,0.0,67.0
bsidesphilly,BSidesPhilly 2024,英语,寻求赞助,图片,2024.11.21,0.0,0.0,0.0,94.0
bsidesphilly,BSidesPhilly 2024,英语,感谢,图片,2024.11.21,1.0,0.0,0.0,75.0
bsidesphilly,BSidesPhilly 2024,英语,介绍,图片,2024.11.21,0.0,2.0,0.0,717.0
bsidesphilly,BSidesPhilly 2024,英语,寻求赞助,图片,2024.11.21,2.0,1.0,0.0,506.0
bsidesphilly,BSidesPhilly 2024,英语,介绍,视频,2024.11.21,1.0,0.0,0.0,72.0
bsidesphilly,BSidesPhilly 2024,英语,介绍,图片,2024.11.21,1.0,0.0,0.0,69.0
bsidesphilly,BSidesPhilly 2024,英语,介绍,视频,2024.11.21,5.0,3.0,0.0,233.0
bsidesphilly,BSidesPhilly 2024,英语,感谢,图片,2024.11.21,6.0,3.0,1.0,1451.0
bsidesphilly,BSidesPhilly 2024,英语,寻求赞助,视频,2024.11.20,1.0,0.0,0.0,75.0
bsidesphilly,BSidesPhilly 2024,英语,介绍,图片,2024.11.20,2.0,1.0,0.0,103.0
bsidesphilly,BSidesPhilly 2024,英语,介绍,图片,2024.11.20,4.0,2.0,0.0,288.0
bsidesphilly,BSidesPhilly 2024,英语,介绍,图片,2024.11.20,2.0,1.0,0.0,118.0
bsidesphilly,BSidesPhilly 2024,英语,介绍,图片,2024.11.20,2.0,3.0,0.0,470.0
bsidesphilly,BSidesPhilly 2024,英语,介绍,图片,2024.11.20,7.0,1.0,0.0,498.0
bsidesphilly,BSidesPhilly 2024,英语,寻求赞助,视频,2024.11.20,3.0,1.0,0.0,97.0
bsidesphilly,BSidesPhilly 2024,英语,介绍,图片,2024.11.20,2.0,1.0,0.0,90.0
bsidesphilly,BSidesPhilly 2024,英语,感谢,图片,2024.11.20,0.0,0.0,0.0,54.0
bsidesphilly,BSidesPhilly 2024,英语,寻求赞助,图片,2024.11.20,0.0,0.0,0.0,62.0
bsidesphilly,BSidesPhilly 2024,英语,介绍,图片,2024.11.20,1.0,1.0,0.0,70.0
bsidesphilly,BSidesPhilly 2024,英语,介绍,图片,2024.11.20,0.0,0.0,0.0,49.0
bsidesphilly,BSidesPhilly 2024,英语,介绍,图片,2024.11.19,1.0,1.0,0.0,76.0
bsidesphilly,BSidesPhilly 2024,英语,感谢,图片,2024.11.19,1.0,0.0,0.0,49.0
bsidesphilly,BSidesPhilly 2024,英语,介绍,视频,2024.11.19,2.0,1.0,0.0,85.0
bsidesphilly,BSidesPhilly 2024,英语,寻求赞助,图片,2024.11.19,1.0,1.0,0.0,420.0
bsidesphilly,BSidesPhilly 2024,英语,介绍,图片,2024.11.19,3.0,2.0,0.0,411.0
bsidesphilly,BSidesPhilly 2024,英语,感谢,图片,2024.11.19,0.0,0.0,0.0,67.0
bsidesphilly,BSidesPhilly 2024,英语,介绍,图片,2024.11.19,2.0,0.0,0.0,77.0
bsidesphilly,BSidesPhilly 2024,英语,介绍,图片,2024.11.19,7.0,2.0,0.0,1444.0
bsidesphilly,BSidesPhilly 2024,英语,介绍,图片,2024.11.19,0.0,0.0,0.0,96.0
bsidesphilly,BSidesPhilly 2024,英语,介绍,视频,2024.11.19,4.0,3.0,0.0,545.0
bsidesphilly,BSidesPhilly 2024,英语,介绍,图片,2024.11.18,5.0,4.0,0.0,344.0
bsidesphilly,BSidesPhilly 2024,英语,感谢,图片,2024.11.18,1.0,0.0,0.0,72.0
bsidesphilly,BSidesPhilly 2024,英语,介绍,视频,2024.11.17,2.0,1.0,0.0,129.0
bsidesphilly,BSidesPhilly 2024,英语,介绍,视频,2024.11.16,4.0,5.0,0.0,430.0
bsidesphilly,BSidesPhilly 2024,英语,介绍,图片,2024.11.16,1.0,0.0,0.0,108.0
bsidesphilly,BSidesPhilly 2024,英语,介绍,视频,2024.11.16,1.0,0.0,0.0,78.0
bsidesphilly,BSidesPhilly 2024,英语,寻求赞助,图片,2024.11.16,2.0,1.0,0.0,104.0
bsidesphilly,BSidesPhilly 2024,英语,感谢,图片,2024.11.16,0.0,0.0,0.0,687.0
bsidesphilly,BSidesPhilly 2024,英语,介绍,图片,2024.11.16,1.0,0.0,0.0,105.0
bsidesphilly,BSidesPhilly 2024,英语,介绍,图片,2024.11.16,3.0,0.0,0.0,78.0
bsidesphilly,BSidesPhilly 2024,英语,感谢,图片,2024.11.15,0.0,0.0,0.0,65.0
bsidesphilly,BSidesPhilly 2024,英语,介绍,图片,2024.11.15,3.0,2.0,0.0,505.0
bsidesphilly,BSidesPhilly 2024,英语,感谢,图片,2024.11.14,0.0,0.0,0.0,86.0
bsidesphilly,BSidesPhilly 2024,英语,介绍,图片,2024.11.14,4.0,0.0,0.0,96.0
bsidesphilly,BSidesPhilly 2024,英语,介绍,图片,2024.11.14,1.0,0.0,0.0,67.0
bsidesphilly,BSidesPhilly 2024,英语,介绍,视频,2024.11.13,4.0,2.0,1.0,434.0
bsidesphilly,BSidesPhilly 2024,英语,寻求赞助,图片,2024.11.13,0.0,0.0,0.0,88.0
bsidesphilly,BSidesPhilly 2024,英语,介绍,图片,2024.11.13,3.0,2.0,0.0,499.0
bsidesphilly,BSidesPhilly 2024,英语,介绍,视频,2024.11.13,2.0,0.0,0.0,87.0
bsidesphilly,BSidesPhilly 2024,英语,感谢,图片,2024.11.13,1.0,0.0,0.0,80.0
bsidesphilly,BSidesPhilly 2024,英语,寻求赞助,图片,2024.11.13,2.0,1.0,0.0,492.0
bsidesphilly,BSidesPhilly 2024,英语,介绍,图片,2024.11.13,5.0,1.0,0.0,116.0
mue,Mue,英语,介绍,视频,2024.09.14,5.0,0.0,1.0,122.0
mue,Mue,英语,介绍,图片,2024.09.18,1.0,0.0,1.0,27.0
mue,Mue,英语,介绍,图片,2024.09.18,2.0,0.0,1.0,20.0
mue,Mue,英语,介绍,图片,2024.09.17,2.0,0.0,1.0,29.0
mue,Mue,英语,介绍,图片,2024.09.15,2.0,0.0,1.0,34.0
mue,Mue,英语,介绍,图片,2024.09.14,4.0,1.0,1.0,60.0
mue,Mue,英语,无特定目的,文字,2023.01.01,0.0,0.0,0.0,111.0
mue,Mue,英语,无特定目的,文字,2022.12.25,0.0,0.0,0.0,92.0
mue,Mue,英语,介绍,图片,2022.08.28,0.0,0.0,0.0,
mue,Mue,英语,无特定目的,文字,2022.08.01,1.0,0.0,0.0,
lexington-tool-library,Lexington Tool Library,英语,介绍,图片,2024.03.27,1.0,0.0,0.0,31.0
lexington-tool-library,Lexington Tool Library,英语,介绍,图片,2024.01.31,0.0,0.0,0.0,26.0
lexington-tool-library,Lexington Tool Library,英语,介绍,图片,2024.01.19,0.0,0.0,0.0,25.0
lexington-tool-library,Lexington Tool Library,英语,介绍,图片,2024.01.03,0.0,0.0,0.0,64.0
lexington-tool-library,Lexington Tool Library,英语,介绍,图片,2023.12.23,0.0,0.0,0.0,14.0
lexington-tool-library,Lexington Tool Library,英语,介绍,图片,2023.12.20,2.0,0.0,0.0,22.0
lexington-tool-library,Lexington Tool Library,英语,介绍,图片,2023.12.06,0.0,0.0,0.0,14.0
lexington-tool-library,Lexington Tool Library,英语,寻求赞助,图片,2023.12.01,0.0,0.0,0.0,8.0
lexington-tool-library,Lexington Tool Library,英语,寻求赞助,图片,2023.11.30,1.0,1.0,0.0,18.0
lexington-tool-library,Lexington Tool Library,英语,寻求赞助,图片,2023.11.29,0.0,0.0,0.0,4.0
lexington-tool-library,Lexington Tool Library,英语,寻求赞助,图片,2023.11.28,0.0,0.0,0.0,6.0
lexington-tool-library,Lexington Tool Library,英语,介绍,图片,2023.11.08,1.0,0.0,0.0,21.0
lexington-tool-library,Lexington Tool Library,英语,介绍,图片,2023.10.19,1.0,0.0,0.0,15.0
lexington-tool-library,Lexington Tool Library,英语,介绍,图片,2023.10.18,1.0,0.0,1.0,34.0
lexington-tool-library,Lexington Tool Library,英语,介绍,图片,2023.10.14,0.0,0.0,0.0,18.0
lexington-tool-library,Lexington Tool Library,英语,介绍,图片,2023.10.09,0.0,0.0,0.0,20.0
lexington-tool-library,Lexington Tool Library,英语,介绍,图片,2023.10.01,1.0,0.0,0.0,24.0
lexington-tool-library,Lexington Tool Library,英语,介绍,图片,2023.09.20,0.0,0.0,0.0,32.0
lexington-tool-library,Lexington Tool Library,英语,介绍,图片,2023.09.16,0.0,0.0,0.0,15.0
lexington-tool-library,Lexington Tool Library,英语,介绍,图片,2023.09.12,0.0,0.0,0.0,16.0
lexington-tool-library,Lexington Tool Library,英语,介绍,图片,2023.09.10,0.0,0.0,0.0,4.0
lexington-tool-library,Lexington Tool Library,英语,介绍,图片,2023.09.06,3.0,1.0,0.0,23.0
lexington-tool-library,Lexington Tool Library,英语,介绍,图片,2023.09.01,1.0,0.0,0.0,8.0
lexington-tool-library,Lexington Tool Library,英语,介绍,图片,2023.08.29,0.0,0.0,0.0,38.0
lexington-tool-library,Lexington Tool Library,英语,介绍,图片,2023.08.29,0.0,0.0,1.0,11.0
lexington-tool-library,Lexington Tool Library,英语,介绍,图片,2023.08.28,1.0,1.0,0.0,40.0
lexington-tool-library,Lexington Tool Library,英语,介绍,图片,2023.08.15,1.0,0.0,0.0,13.0
lexington-tool-library,Lexington Tool Library,英语,介绍,图片,2023.07.28,0.0,0.0,0.0,16.0
lexington-tool-library,Lexington Tool Library,英语,介绍,图片,2023.07.19,1.0,0.0,0.0,30.0
lexington-tool-library,Lexington Tool Library,英语,介绍,图片,2023.06.20,2.0,0.0,0.0,9.0
lexington-tool-library,Lexington Tool Library,英语,介绍,图片,2023.06.09,2.0,0.0,0.0,9.0
lexington-tool-library,Lexington Tool Library,英语,介绍,图片,2023.05.23,0.0,0.0,2.0,24.0
lexington-tool-library,Lexington Tool Library,英语,介绍,图片,2023.05.23,1.0,0.0,2.0,12.0
lexington-tool-library,Lexington Tool Library,英语,介绍,图片,2023.05.02,3.0,2.0,0.0,53.0
lexington-tool-library,Lexington Tool Library,英语,介绍,图片,2023.04.29,0.0,0.0,0.0,7.0
lexington-tool-library,Lexington Tool Library,英语,介绍,图片,2023.04.24,1.0,0.0,0.0,14.0
lexington-tool-library,Lexington Tool Library,英语,介绍,图片,2023.04.11,1.0,0.0,0.0,18.0
lexington-tool-library,Lexington Tool Library,英语,介绍,图片,2023.04.11,1.0,0.0,0.0,12.0
lexington-tool-library,Lexington Tool Library,英语,介绍,图片,2023.03.24,1.0,0.0,0.0,6.0
lexington-tool-library,Lexington Tool Library,英语,介绍,文字,2023.03.15,0.0,0.0,0.0,6.0
lexington-tool-library,Lexington Tool Library,英语,介绍,图片,2023.02.15,1.0,0.0,0.0,8.0
lexington-tool-library,Lexington Tool Library,英语,介绍,图片,2023.02.08,0.0,0.0,0.0,16.0
lexington-tool-library,Lexington Tool Library,英语,介绍,图片,2022.11.02,0.0,0.0,0.0,
wewrite-app,WeWrite App,英语,介绍,图片,2025.02.18,0.0,0.0,0.0,36.0
wewrite-app,WeWrite App,英语,介绍,文字,2025.02.14,4.0,0.0,1.0,71.0
wewrite-app,WeWrite App,英语,无特定目的,文字,2025.02.15,4.0,1.0,3.0,159.0
wewrite-app,WeWrite App,英语,介绍,图片,2025.02.11,20.0,13.0,0.0,1021.0
fff-mexico,Fridays For Future Mexico,西班牙语,介绍,文字,2024.08.06,0.0,0.0,0.0,120.0
fff-mexico,Fridays For Future Mexico,西班牙语,介绍,文字,2024.08.06,0.0,0.0,0.0,107.0
fff-mexico,Fridays For Future Mexico,西班牙语,介绍,文字,2024.08.01,0.0,0.0,0.0,49.0
fff-mexico,Fridays For Future Mexico,西班牙语,介绍,文字,2024.07.07,0.0,0.0,0.0,62.0
fff-mexico,Fridays For Future Mexico,西班牙语,介绍,文字,2024.07.07,0.0,0.0,0.0,54.0
fff-mexico,Fridays For Future Mexico,西班牙语,介绍,图片,2024.07.07,3.0,2.0,1.0,73.0
fff-mexico,Fridays For Future Mexico,西班牙语,介绍,图片,2024.04.20,4.0,4.0,1.0,91.0
fff-mexico,Fridays For Future Mexico,西班牙语,介绍,文字,2024.04.13,0.0,0.0,0.0,10.0
fff-mexico,Fridays For Future Mexico,西班牙语,介绍,文字,2024.04.13,0.0,0.0,0.0,11.0
fff-mexico,Fridays For Future Mexico,西班牙语,介绍,图片,2024.04.12,0.0,0.0,0.0,21.0
fff-mexico,Fridays For Future Mexico,西班牙语,介绍,文字,2024.04.12,0.0,0.0,0.0,18.0
fff-mexico,Fridays For Future Mexico,西班牙语,介绍,文字,2024.04.11,0.0,0.0,0.0,20.0
fff-mexico,Fridays For Future Mexico,西班牙语,介绍,图片,2024.04.10,8.0,7.0,1.0,250.0
fff-mexico,Fridays For Future Mexico,西班牙语,介绍,文字,2024.04.02,1.0,1.0,0.0,45.0
fff-mexico,Fridays For Future Mexico,西班牙语,介绍,图片,2024.03.30,2.0,2.0,1.0,36.0
fff-mexico,Fridays For Future Mexico,西班牙语,介绍,图片,2024.03.28,1.0,0.0,0.0,39.0
fff-mexico,Fridays For Future Mexico,西班牙语,介绍,图片,2024.03.24,1.0,0.0,1.0,22.0
fff-mexico,Fridays For Future Mexico,西班牙语,介绍,图片,2024.03.20,0.0,0.0,1.0,10.0
fff-mexico,Fridays For Future Mexico,西班牙语,介绍,图片,2024.03.16,3.0,3.0,1.0,22.0
fff-mexico,Fridays For Future Mexico,西班牙语,介绍,图片,2024.03.09,1.0,1.0,0.0,31.0
fff-mexico,Fridays For Future Mexico,西班牙语,介绍,图片,2024.03.09,1.0,2.0,0.0,32.0
fff-mexico,Fridays For Future Mexico,西班牙语,介绍,图片,2024.03.05,4.0,5.0,2.0,78.0
fff-mexico,Fridays For Future Mexico,西班牙语,介绍,图片,2024.02.22,3.0,2.0,0.0,48.0
fff-mexico,Fridays For Future Mexico,西班牙语,介绍,图片,2024.02.21,1.0,1.0,1.0,44.0
fff-mexico,Fridays For Future Mexico,西班牙语,介绍,图片,2023.12.15,2.0,1.0,1.0,54.0
mobx-react-form,mobx-react-form,英语,更新,网址,2023.12.06,2.0,0.0,0.0,99.0
mobx-react-form,mobx-react-form,英语,更新,网址,2023.04.08,0.0,0.0,0.0,148.0
mobx-react-form,mobx-react-form,英语,介绍,网址,2023.03.28,0.0,0.0,0.0,153.0
vignette,Vignette,英语,介绍,网址,2023.02.25,2.0,1.0,1.0,272.0
vignette,Vignette,英语,介绍,图片,2023.02.08,6.0,0.0,0.0,306.0
vignette,Vignette,英语,介绍,文字,2023.01.31,0.0,0.0,0.0,125.0
vignette,Vignette,英语,介绍,文字,2023.01.30,2.0,1.0,0.0,188.0
vignette,Vignette,英语,更新,文字,2023.01.27,1.0,0.0,0.0,97.0
vignette,Vignette,英语,介绍,网址,2022.11.07,4.0,1.0,0.0,
vignette,Vignette,英语,介绍,文字,2022.11.01,2.0,0.0,0.0,
vignette,Vignette,英语,介绍,文字,2022.08.13,1.0,0.0,0.0,
vignette,Vignette,英语,介绍,文字,2022.05.26,1.0,0.0,0.0,
vignette,Vignette,英语,介绍,引用,2022.04.14,2.0,0.0,0.0,
vignette,Vignette,英语,介绍,图片,2022.03.17,2.0,0.0,0.0,
vignette,Vignette,英语,介绍,文字,2022.03.10,4.0,1.0,0.0,
vignette,Vignette,英语,介绍,文字,2022.03.10,2.0,1.0,0.0,
vignette,Vignette,英语,介绍,图片,2022.02.26,4.0,5.0,0.0,
vignette,Vignette,英语,介绍,图片,2022.02.18,13.0,3.0,1.0,
the-light-inside-film,The Light Inside,英语,介绍,视频,2023.09.01,0.0,0.0,1.0,154.0
the-light-inside-film,The Light Inside,英语,介绍,图片,2023.08.01,5.0,3.0,0.0,119.0
the-light-inside-film,The Light Inside,英语,介绍,视频,2023.07.01,0.0,2.0,1.0,4581.0
the-light-inside-film,The Light Inside,英语,介绍,视频,2023.05.31,3.0,3.0,0.0,158.0
the-light-inside-film,The Light Inside,英语,介绍,图片,2023.05.16,0.0,0.0,0.0,134.0
the-light-inside-film,The Light Inside,英语,介绍,图片,2023.05.16,5.0,4.0,0.0,423.0
the-light-inside-film,The Light Inside,英语,介绍,视频,2023.04.27,3.0,0.0,0.0,386.0
the-light-inside-film,The Light Inside,英语,介绍,视频,2023.03.29,1.0,3.0,0.0,394.0
the-light-inside-film,The Light Inside,英语,介绍,视频,2023.03.01,3.0,3.0,0.0,277.0
the-light-inside-film,The Light Inside,英语,介绍,视频,2023.02.25,1.0,0.0,1.0,99.0
the-light-inside-film,The Light Inside,英语,介绍,视频,2023.01.28,0.0,1.0,0.0,130.0
the-light-inside-film,The Light Inside,英语,介绍,文字,2023.01.13,3.0,2.0,0.0,198.0
the-light-inside-film,The Light Inside,英语,介绍,文字,2022.12.08,5.0,2.0,0.0,
the-light-inside-film,The Light Inside,英语,介绍,视频,2022.11.26,4.0,2.0,0.0,
the-light-inside-film,The Light Inside,英语,介绍,视频,2022.11.02,2.0,2.0,0.0,
the-light-inside-film,The Light Inside,英语,介绍,文字,2022.11.01,0.0,1.0,0.0,
the-light-inside-film,The Light Inside,英语,介绍,图片,2022.10.22,0.0,0.0,0.0,
the-light-inside-film,The Light Inside,英语,感谢,图片,2022.10.22,0.0,0.0,0.0,
the-light-inside-film,The Light Inside,英语,介绍,视频,2022.10.22,2.0,1.0,0.0,
the-light-inside-film,The Light Inside,英语,介绍,网址,2022.10.12,3.0,3.0,1.0,
the-light-inside-film,The Light Inside,英语,介绍,图片,2022.10.11,1.0,0.0,0.0,
the-light-inside-film,The Light Inside,英语,介绍,视频,2022.10.10,0.0,0.0,0.0,
the-light-inside-film,The Light Inside,英语,介绍,图片,2022.10.10,0.0,1.0,0.0,
the-light-inside-film,The Light Inside,英语,介绍,图片,2022.09.16,7.0,5.0,1.0,
the-light-inside-film,The Light Inside,英语,介绍,图片,2022.09.15,9.0,8.0,4.0,
the-light-inside-film,The Light Inside,英语,介绍,图片,2022.05.26,0.0,0.0,0.0,
the-light-inside-film,The Light Inside,英语,介绍,图片,2022.05.13,3.0,2.0,0.0,
the-light-inside-film,The Light Inside,英语,介绍,文字,2022.05.11,4.0,3.0,0.0,
the-light-inside-film,The Light Inside,英语,介绍,文字,2022.05.11,8.0,4.0,0.0,
the-light-inside-film,The Light Inside,英语,寻求赞助,引用,2022.05.11,0.0,0.0,0.0,
the-light-inside-film,The Light Inside,英语,介绍,图片,2022.05.10,8.0,4.0,0.0,
the-light-inside-film,The Light Inside,英语,介绍,视频,2022.05.06,4.0,3.0,0.0,
the-light-inside-film,The Light Inside,英语,介绍,图片,2022.05.05,4.0,2.0,0.0,
the-light-inside-film,The Light Inside,英语,寻求赞助,视频,2022.05.03,7.0,8.0,0.0,
arviz,ArviZ,英语,介绍,文字,2024.11.19,0.0,0.0,0.0,80.0
arviz,ArviZ,英语,介绍,网址,2024.03.12,12.0,14.0,2.0,5863.0
arviz,ArviZ,英语,介绍,网址,2023.08.15,4.0,5.0,0.0,1543.0
arviz,ArviZ,英语,介绍,引用,2023.03.27,11.0,8.0,0.0,4029.0
arviz,ArviZ,英语,介绍,网址,2023.02.23,18.0,9.0,0.0,7941.0
arviz,ArviZ,英语,无特定目的,引用,2022.05.05,6.0,1.0,0.0,
arviz,ArviZ,英语,介绍,文字,2022.04.06,10.0,12.0,1.0,
arviz,ArviZ,英语,介绍,网址,2022.04.10,24.0,11.0,0.0,
arviz,ArviZ,英语,感谢,文字,2022.04.02,25.0,7.0,0.0,
rizin,Rizin,英语,介绍,网址,2025.01.08,6.0,5.0,1.0,485.0
rizin,Rizin,英语,介绍,网址,2024.12.24,26.0,8.0,0.0,2059.0
rizin,Rizin,英语,介绍,网址,2024.05.07,8.0,5.0,0.0,1359.0
rizin,Rizin,英语,介绍,文字,2024.04.13,9.0,4.0,0.0,1204.0
rizin,Rizin,英语,更新,网址,2024.02.25,11.0,3.0,0.0,5042.0
rizin,Rizin,英语,介绍,网址,2024.02.22,18.0,6.0,0.0,1616.0
rizin,Rizin,英语,介绍,网址,2024.01.29,33.0,9.0,0.0,2295.0
rizin,Rizin,英语,更新,文字,2023.09.15,5.0,3.0,0.0,925.0
rizin,Rizin,英语,更新,网址,2023.08.07,7.0,4.0,0.0,1121.0
rizin,Rizin,英语,介绍,网址,2023.05.08,18.0,11.0,0.0,5313.0
rizin,Rizin,英语,介绍,网址,2023.04.24,1.0,0.0,0.0,402.0
rizin,Rizin,英语,介绍,图片,2023.04.12,36.0,10.0,1.0,9317.0
rizin,Rizin,英语,介绍,网址,2023.02.28,8.0,3.0,0.0,1523.0
rizin,Rizin,英语,更新,网址,2023.02.23,40.0,15.0,1.0,6845.0
rizin,Rizin,英语,介绍,图片,2023.01.27,33.0,9.0,3.0,7614.0
rizin,Rizin,英语,介绍,引用,2022.12.23,6.0,3.0,0.0,1776.0
rizin,Rizin,英语,无特定目的,引用,2022.12.09,28.0,14.0,0.0,
rizin,Rizin,英语,介绍,网址,2022.10.03,20.0,9.0,0.0,
rizin,Rizin,英语,更新,图片,2022.07.02,123.0,28.0,1.0,
rizin,Rizin,英语,介绍,文字,2022.06.29,7.0,2.0,1.0,
rizin,Rizin,英语,更新,图片,2022.06.27,51.0,20.0,1.0,
rizin,Rizin,英语,介绍,网址,2022.06.06,14.0,7.0,0.0,
rizin,Rizin,英语,介绍,网址,2022.03.08,27.0,9.0,1.0,
openml,OpenML,英语,介绍,网址,2025.01.21,3.0,2.0,0.0,489.0
openml,OpenML,英语,介绍,文字,2025.01.15,6.0,3.0,0.0,786.0
openml,OpenML,英语,介绍,网址,2023.05.04,14.0,7.0,1.0,3254.0
openml,OpenML,英语,介绍,文字,2023.03.14,11.0,8.0,0.0,4202.0
openml,OpenML,英语,介绍,文字,2023.01.16,11.0,5.0,0.0,1896.0
rustfest,The RustFest Project,英语,介绍,图片,2022.10.13,43.0,8.0,1.0,
rustfest,The RustFest Project,英语,介绍,网址,2022.06.30,39.0,9.0,4.0,
rustfest,The RustFest Project,英语,介绍,文字,2022.04.14,18.0,7.0,4.0,
rustfest,The RustFest Project,英语,介绍,网址,2022.03.28,4.0,1.0,1.0,
rustfest,The RustFest Project,英语,介绍,网址,2022.03.28,8.0,4.0,8.0,
rustfest,The RustFest Project,英语,介绍,网址,2022.03.28,4.0,1.0,0.0,
rustfest,The RustFest Project,英语,介绍,网址,2022.02.27,9.0,1.0,0.0,
rustfest,The RustFest Project,英语,介绍,网址,2022.02.27,3.0,4.0,0.0,
rustfest,The RustFest Project,英语,介绍,文字,2022.02.27,3.0,0.0,0.0,
rustfest,The RustFest Project,西班牙语,介绍,文字,2022.02.27,3.0,0.0,0.0,
rustfest,The RustFest Project,英语,感谢,文字,2022.02.27,7.0,1.0,0.0,
rustfest,The RustFest Project,英语,介绍,引用,2022.02.27,4.0,0.0,0.0,
rustfest,The RustFest Project,英语,介绍,网址,2022.02.27,1.0,0.0,0.0,
rustfest,The RustFest Project,英语,介绍,网址,2022.02.27,0.0,1.0,0.0,
rustfest,The RustFest Project,英语,介绍,文字,2022.02.27,6.0,2.0,0.0,
rustfest,The RustFest Project,英语,介绍,网址,2022.02.27,0.0,1.0,0.0,
rustfest,The RustFest Project,英语,介绍,图片,2022.02.27,7.0,3.0,0.0,
rustfest,The RustFest Project,英语,介绍,文字,2022.02.27,3.0,0.0,0.0,
rustfest,The RustFest Project,英语,介绍,文字,2022.02.27,1.0,1.0,0.0,
rustfest,The RustFest Project,英语,介绍,网址,2022.02.27,3.0,3.0,0.0,
rustfest,The RustFest Project,英语,介绍,文字,2022.02.27,3.0,2.0,0.0,
rustfest,The RustFest Project,英语,介绍,文字,2022.02.27,1.0,0.0,0.0,
rustfest,The RustFest Project,英语,介绍,文字,2022.02.27,2.0,3.0,2.0,
rustfest,The RustFest Project,英语,介绍,文字,2022.02.27,63.0,14.0,2.0,
rustfest,The RustFest Project,英语,介绍,文字,2022.02.27,10.0,5.0,1.0,
rustfest,The RustFest Project,英语,介绍,文字,2022.02.27,4.0,2.0,0.0,
beawitching,Beawitching Communities,英语,介绍,网址,2023.04.21,2.0,1.0,0.0,296.0
beawitching,Beawitching Communities,英语,介绍,文字,2024.10.19,0.0,0.0,0.0,10.0
beawitching,Beawitching Communities,英语,介绍,文字,2024.08.17,1.0,0.0,1.0,37.0
beawitching,Beawitching Communities,英语,介绍,图片,2024.06.25,3.0,0.0,0.0,52.0
beawitching,Beawitching Communities,英语,介绍,网址,2023.12.08,2.0,1.0,0.0,68.0
beawitching,Beawitching Communities,英语,介绍,图片,2023.10.10,1.0,0.0,0.0,41.0
beawitching,Beawitching Communities,英语,寻求赞助,网址,2023.09.02,0.0,0.0,1.0,26.0
beawitching,Beawitching Communities,英语,介绍,文字,2023.08.13,9.0,4.0,1.0,1227.0
beawitching,Beawitching Communities,英语,更新,文字,2023.07.13,3.0,1.0,1.0,686.0
beawitching,Beawitching Communities,英语,介绍,图片,2023.07.05,3.0,0.0,0.0,69.0
beawitching,Beawitching Communities,英语,介绍,图片,2023.05.31,1.0,0.0,1.0,157.0
beawitching,Beawitching Communities,英语,介绍,图片,2023.05.20,1.0,0.0,1.0,75.0
beawitching,Beawitching Communities,英语,介绍,引用,2023.05.12,7.0,0.0,0.0,321.0
beawitching,Beawitching Communities,英语,介绍,引用,2023.05.02,2.0,0.0,0.0,45.0
beawitching,Beawitching Communities,英语,介绍,引用,2023.04.27,0.0,0.0,0.0,75.0
beawitching,Beawitching Communities,英语,介绍,引用,2023.04.25,10.0,2.0,0.0,1156.0
sciml,SciML,英语,介绍,图片,2023.07.06,23.0,1.0,0.0,2303.0
sciml,SciML,英语,更新,网址,2022.10.08,53.0,8.0,0.0,
sciml,SciML,英语,介绍,文字,2022.08.22,23.0,8.0,0.0,
sciml,SciML,英语,介绍,引用,2022.08.18,14.0,2.0,0.0,
sciml,SciML,英语,介绍,网址,2022.08.13,2.0,0.0,0.0,
sciml,SciML,英语,介绍,网址,2022.08.13,2.0,0.0,0.0,
sciml,SciML,英语,介绍,网址,2022.08.13,1.0,0.0,0.0,
sciml,SciML,英语,介绍,网址,2022.08.13,1.0,0.0,0.0,
sciml,SciML,英语,介绍,网址,2022.08.13,0.0,0.0,0.0,
sciml,SciML,英语,介绍,网址,2022.08.13,1.0,0.0,0.0,
sciml,SciML,英语,介绍,网址,2022.08.13,1.0,0.0,0.0,
sciml,SciML,英语,介绍,网址,2022.08.13,1.0,0.0,0.0,
sciml,SciML,英语,介绍,网址,2022.08.13,0.0,0.0,0.0,
sciml,SciML,英语,介绍,网址,2022.08.13,0.0,0.0,0.0,
sciml,SciML,英语,介绍,网址,2022.08.13,4.0,0.0,0.0,
sciml,SciML,英语,介绍,文字,2022.08.13,0.0,0.0,0.0,
sciml,SciML,英语,介绍,网址,2022.08.13,0.0,0.0,0.0,
sciml,SciML,英语,介绍,网址,2022.08.13,0.0,0.0,0.0,
sciml,SciML,英语,介绍,网址,2022.08.13,0.0,0.0,0.0,
sciml,SciML,英语,介绍,网址,2022.08.13,2.0,0.0,0.0,
sciml,SciML,英语,介绍,网址,2022.08.13,0.0,0.0,0.0,
sciml,SciML,英语,介绍,网址,2022.08.13,4.0,1.0,0.0,
sciml,SciML,英语,介绍,网址,2022.08.13,1.0,0.0,0.0,
sciml,SciML,英语,介绍,网址,2022.08.13,0.0,0.0,0.0,
sciml,SciML,英语,介绍,网址,2022.08.13,1.0,0.0,0.0,
sciml,SciML,英语,介绍,网址,2022.08.13,0.0,0.0,0.0,
sciml,SciML,英语,介绍,网址,2022.08.13,1.0,0.0,0.0,
sciml,SciML,英语,介绍,网址,2022.03.23,35.0,22.0,1.0,
consciousdigital,Conscious Digital,英语,介绍,网址,2025.01.24,0.0,0.0,0.0,5.0
consciousdigital,Conscious Digital,英语,介绍,网址,2023.10.05,0.0,1.0,1.0,103.0
consciousdigital,Conscious Digital,英语,介绍,网址,2023.08.07,1.0,1.0,0.0,128.0
consciousdigital,Conscious Digital,英语,介绍,网址,2023.05.17,1.0,1.0,0.0,96.0
consciousdigital,Conscious Digital,英语,介绍,文字,2023.03.07,2.0,1.0,0.0,89.0
consciousdigital,Conscious Digital,英语,介绍,引用,2022.12.09,0.0,1.0,0.0,
consciousdigital,Conscious Digital,英语,介绍,文字,2022.11.28,0.0,0.0,1.0,
consciousdigital,Conscious Digital,英语,介绍,文字,2022.11.21,0.0,1.0,0.0,
consciousdigital,Conscious Digital,英语,介绍,图片,2022.11.02,3.0,2.0,0.0,
consciousdigital,Conscious Digital,英语,介绍,网址,2022.06.28,1.0,0.0,0.0,
consciousdigital,Conscious Digital,英语,介绍,图片,2022.04.25,0.0,1.0,0.0,
